DamID2_BC_001	3-TGCA-3-TATG
DamID2_BC_002	3-GTGC-3-TGAA
DamID2_BC_003	3-GCTG-3-TCTC
DamID2_BC_004	3-GTAG-3-ATCG
DamID2_BC_005	3-ATCT-3-GACT
DamID2_BC_006	3-GTTG-3-AGCC
DamID2_BC_007	3-GCAC-3-ATCC
DamID2_BC_008	3-GAAT-3-GACT
DamID2_BC_009	3-GCTA-3-GCCA
DamID2_BC_010	3-TGAG-3-CTAA
DamID2_BC_011	3-TGCG-3-TCAG
DamID2_BC_012	3-CGAC-3-GTAA
DamID2_BC_013	3-ATAC-3-ACGT
DamID2_BC_014	3-GTTA-3-GTCT
DamID2_BC_015	3-TAGA-3-GATG
DamID2_BC_016	3-TCGA-3-CAAT
DamID2_BC_017	3-TAGA-3-TGGA
DamID2_BC_018	3-CTTC-3-GCAC
DamID2_BC_019	3-TATG-3-GACG
DamID2_BC_020	3-CGGT-3-TATC
DamID2_BC_021	3-CATC-3-GAAG
DamID2_BC_022	3-AGTA-3-GCGT
DamID2_BC_023	3-CTGA-3-ACTT
DamID2_BC_024	3-TCTA-3-TAGC
DamID2_BC_025	3-GTCA-3-TGAT
DamID2_BC_026	3-TGGT-3-CGGT
DamID2_BC_027	3-AGAT-3-GCAT
DamID2_BC_028	3-CAGT-3-GAGA
DamID2_BC_029	3-TACG-3-CAAT
DamID2_BC_030	3-TCGC-3-CTGT
DamID2_BC_031	3-TCTA-3-ACGA
DamID2_BC_032	3-ATCG-3-GCAA
DamID2_BC_033	3-AGGC-3-GTAT
DamID2_BC_034	3-TAAG-3-CATC
DamID2_BC_035	3-GCTG-3-GATA
DamID2_BC_036	3-GTGA-3-AGTG
DamID2_BC_037	3-CATG-3-GTAA
DamID2_BC_038	3-GCTA-3-CTGA
DamID2_BC_039	3-GAAC-3-TGTA
DamID2_BC_040	3-ACCA-3-CTCA
DamID2_BC_041	3-ATGA-3-CGAC
DamID2_BC_042	3-GTAC-3-TAGT
DamID2_BC_043	3-CAGT-3-GTCG
DamID2_BC_044	3-GAAT-3-TCGT
DamID2_BC_045	3-CATG-3-ACTC
DamID2_BC_046	3-CTGT-3-GTAT
DamID2_BC_047	3-ATGT-3-AGGC
DamID2_BC_048	3-CAAC-3-CGTC
DamID2_BC_049	3-GAGC-3-TCTC
DamID2_BC_050	3-TGTC-3-TCTG
DamID2_BC_051	3-GATG-3-TCCG
DamID2_BC_052	3-GTTC-3-GACG
DamID2_BC_053	3-CTAC-3-CTGT
DamID2_BC_054	3-GACG-3-TCTT
DamID2_BC_055	3-GATC-3-GCTG
DamID2_BC_056	3-CTGA-3-TGGC
DamID2_BC_057	3-GAAC-3-AGCT
DamID2_BC_058	3-CTGT-3-TCAA
DamID2_BC_059	3-GTTA-3-TGCA
DamID2_BC_060	3-GATC-3-AGGA
DamID2_BC_061	3-CGCA-3-ATTG
DamID2_BC_062	3-TCCT-3-AGCG
DamID2_BC_063	3-GTCT-3-TCCG
DamID2_BC_064	3-AGGA-3-AGCA
DamID2_BC_065	3-TGTC-3-GTCC
DamID2_BC_066	3-GACG-3-GAAC
DamID2_BC_067	3-CGGC-3-ATCT
DamID2_BC_068	3-ACAT-3-TGGT
DamID2_BC_069	3-ATTG-3-CGCG
DamID2_BC_070	3-GAGC-3-TGGT
DamID2_BC_071	3-CTCG-3-AGAG
DamID2_BC_072	3-GTTC-3-TGGC
DamID2_BC_073	3-CGGT-3-GCTT
DamID2_BC_074	3-GCAG-3-GTAG
DamID2_BC_075	3-GCAC-3-AGAG
DamID2_BC_076	3-TCCT-3-TACC
DamID2_BC_077	3-CTCA-3-GATC
DamID2_BC_078	3-ACAG-3-ACAC
DamID2_BC_079	3-CTCG-3-TCTG
DamID2_BC_080	3-AGTC-3-ACCT
DamID2_BC_081	3-ATGC-3-AGTA
DamID2_BC_082	3-ACTG-3-CGAT
DamID2_BC_083	3-GTCT-3-ACTA
DamID2_BC_084	3-CGAG-3-GATG
DamID2_BC_085	3-GTGC-3-CAGA
DamID2_BC_086	3-GACT-3-GATA
DamID2_BC_087	3-TGGC-3-CGTA
DamID2_BC_088	3-CTTG-3-TGAT
DamID2_BC_089	3-GCAC-3-CTAA
DamID2_BC_090	3-ATTA-3-GCTG
DamID2_BC_091	3-CAAG-3-ATCT
DamID2_BC_092	3-CGCA-3-CTAA
DamID2_BC_093	3-GTTG-3-GCAT
DamID2_BC_094	3-AGCG-3-TGTA
DamID2_BC_095	3-TCTG-3-TGAG
DamID2_BC_096	3-ACTA-3-GAGA
DamID2_BC_097	3-AGAC-3-GCGA
DamID2_BC_098	3-ACCA-3-GTAG
DamID2_BC_099	3-TAAT-3-CGGA
DamID2_BC_100	3-GTGA-3-CTGC
DamID2_BC_101	3-ATCT-3-CTAC
DamID2_BC_102	3-AGGA-3-CTTG
DamID2_BC_103	3-ATTG-3-TCAG
DamID2_BC_104	3-TCGT-3-GTGC
DamID2_BC_105	3-TACT-3-GCAC
DamID2_BC_106	3-CATA-3-GTTG
DamID2_BC_107	3-AGAC-3-CTCT
DamID2_BC_108	3-CGTA-3-GATT
DamID2_BC_109	3-ACGA-3-ATGA
DamID2_BC_110	3-TGAC-3-TCCT
DamID2_BC_111	3-TCAG-3-GTTC
DamID2_BC_112	3-TGGC-3-ATGC
DamID2_BC_113	3-AGGC-3-TGTC
DamID2_BC_114	3-GCCT-3-GAAG
DamID2_BC_115	3-ACGA-3-GCTT
DamID2_BC_116	3-ATCT-3-AGCA
DamID2_BC_117	3-GCAT-3-CTCT
DamID2_BC_118	3-CAAC-3-TATG
DamID2_BC_119	3-ACGT-3-TCTG
DamID2_BC_120	3-GATG-3-CGTC
DamID2_BC_121	3-GTGA-3-TCTA
DamID2_BC_122	3-TCGT-3-AGGA
DamID2_BC_123	3-GTCG-3-GATG
DamID2_BC_124	3-TGTA-3-CTCA
DamID2_BC_125	3-CATG-3-TGCC
DamID2_BC_126	3-AGCA-3-ACTA
DamID2_BC_127	3-CGTA-3-TGTG
DamID2_BC_128	3-CTTG-3-GCTA
DamID2_BC_129	3-GTCT-3-GTAA
DamID2_BC_130	3-TCGC-3-AGTG
DamID2_BC_131	3-TGTG-3-TACA
DamID2_BC_132	3-CTTG-3-GTCG
DamID2_BC_133	3-CTCA-3-AGCC
DamID2_BC_134	3-ATCT-3-TGTG
DamID2_BC_135	3-TACA-3-GTCC
DamID2_BC_136	3-GTAG-3-GACC
DamID2_BC_137	3-CACG-3-CTTC
DamID2_BC_138	3-GTCA-3-ATTC
DamID2_BC_139	3-AGCG-3-GACA
DamID2_BC_140	3-GTTG-3-CGGT
DamID2_BC_141	3-CTAT-3-CGAT
DamID2_BC_142	3-CGAT-3-AGGC
DamID2_BC_143	3-TGTG-3-CAGT
DamID2_BC_144	3-CTAT-3-TAGC
DamID2_BC_145	3-AGAC-3-ATTG
DamID2_BC_146	3-GTAC-3-GCTC
DamID2_BC_147	3-TAGC-3-GTCT
DamID2_BC_148	3-TCAC-3-AGGT
DamID2_BC_149	3-AGGC-3-TACA
DamID2_BC_150	3-GTCA-3-GCTT
DamID2_BC_151	3-TGCA-3-AGAG
DamID2_BC_152	3-GAGA-3-GTGA
DamID2_BC_153	3-TCAG-3-ACCG
DamID2_BC_154	3-TCAG-3-TAGA
DamID2_BC_155	3-TGAC-3-CGAG
DamID2_BC_156	3-TGCA-3-CTGT
DamID2_BC_157	3-GTAC-3-CGTT
DamID2_BC_158	3-GCTA-3-GTAC
DamID2_BC_159	3-TACG-3-GTGT
DamID2_BC_160	3-CGAG-3-CAAC
DamID2_BC_161	3-GCTG-3-ACAA
DamID2_BC_162	3-AGGA-3-TAAC
DamID2_BC_163	3-GAGA-3-TGCC
DamID2_BC_164	3-TCTA-3-CGTG
DamID2_BC_165	3-GTAG-3-GTGT
DamID2_BC_166	3-GTTA-3-GCGC
DamID2_BC_167	3-CACG-3-TCAA
DamID2_BC_168	3-GTCT-3-CGCT
DamID2_BC_169	3-AGTA-3-GTTC
DamID2_BC_170	3-TATC-3-TCCA
DamID2_BC_171	3-AGTC-3-GATG
DamID2_BC_172	3-ACCA-3-ACGT
DamID2_BC_173	3-CAGA-3-AGTC
DamID2_BC_174	3-CTCT-3-TGAC
DamID2_BC_175	3-ACCT-3-TCAA
DamID2_BC_176	3-GAAG-3-TACA
DamID2_BC_177	3-TGGT-3-CTTC
DamID2_BC_178	3-ACCG-3-TATC
DamID2_BC_179	3-ACTC-3-GCTC
DamID2_BC_180	3-CGGT-3-CTAG
DamID2_BC_181	3-GTTA-3-CATC
DamID2_BC_182	3-ACAC-3-TACT
DamID2_BC_183	3-CATG-3-CGAG
DamID2_BC_184	3-CGCG-3-ATGT
DamID2_BC_185	3-TAGA-3-AGCT
DamID2_BC_186	3-GTTA-3-ACAG
DamID2_BC_187	3-CGCT-3-GCAA
DamID2_BC_188	3-ATGC-3-CTAA
DamID2_BC_189	3-CTAT-3-GAAG
DamID2_BC_190	3-ATTC-3-GTAG
DamID2_BC_191	3-TGTC-3-GCAA
DamID2_BC_192	3-CGTG-3-CGTA
DamID2_BC_193	3-CTGT-3-TGCG
DamID2_BC_194	3-TAGC-3-CTAC
DamID2_BC_195	3-CTCT-3-GCGT
DamID2_BC_196	3-CGTA-3-CACC
DamID2_BC_197	3-GAAT-3-CGCG
DamID2_BC_198	3-CTGC-3-TAAC
DamID2_BC_199	3-TGGT-3-GTCA
DamID2_BC_200	3-GAGA-3-CTAG
DamID2_BC_201	3-AGGT-3-ATGT
DamID2_BC_202	3-GTGT-3-GCTG
DamID2_BC_203	3-CATA-3-TACG
DamID2_BC_204	3-TAGT-3-TCCG
DamID2_BC_205	3-CGGC-3-AGAA
DamID2_BC_206	3-GACA-3-CTTA
DamID2_BC_207	3-GATA-3-ATCC
DamID2_BC_208	3-GTGT-3-CTTA
DamID2_BC_209	3-AGAG-3-TCTC
DamID2_BC_210	3-TCGT-3-CATG
DamID2_BC_211	3-GCTC-3-TCAG
DamID2_BC_212	3-CTTA-3-GACA
DamID2_BC_213	3-CGTG-3-CTCT
DamID2_BC_214	3-CGAT-3-TGTT
DamID2_BC_215	3-TGAC-3-ATCA
DamID2_BC_216	3-ACTC-3-CAAC
DamID2_BC_217	3-TCAG-3-TCTT
DamID2_BC_218	3-ACCT-3-CGTT
DamID2_BC_219	3-ATTC-3-CGTC
DamID2_BC_220	3-TACT-3-TGCT
DamID2_BC_221	3-CAAT-3-TGAG
DamID2_BC_222	3-TGGC-3-TGAT
DamID2_BC_223	3-ACGC-3-CTTC
DamID2_BC_224	3-TCTG-3-AGTC
DamID2_BC_225	3-TCAT-3-GACG
DamID2_BC_226	3-CGTC-3-CTTC
DamID2_BC_227	3-TGCG-3-ATTC
DamID2_BC_228	3-CACA-3-ACGC
DamID2_BC_229	3-AGTA-3-CAAG
DamID2_BC_230	3-TGGA-3-GCAT
DamID2_BC_231	3-TCTC-3-GCGT
DamID2_BC_232	3-ACGT-3-GAAT
DamID2_BC_233	3-GATA-3-TCAC
DamID2_BC_234	3-CAAG-3-GAGC
DamID2_BC_235	3-GCAG-3-TGAT
DamID2_BC_236	3-TACA-3-CACG
DamID2_BC_237	3-TGTG-3-GCCT
DamID2_BC_238	3-GCAG-3-CAGT
DamID2_BC_239	3-CTCT-3-AGTT
DamID2_BC_240	3-CGTA-3-ATGA
DamID2_BC_241	3-TCGA-3-CGCA
DamID2_BC_242	3-CAAT-3-CTCC
DamID2_BC_243	3-TCAC-3-GCCA
DamID2_BC_244	3-ATTC-3-CACA
DamID2_BC_245	3-ACCG-3-ATAA
DamID2_BC_246	3-ATGA-3-TCCG
DamID2_BC_247	3-TGCT-3-GAGA
DamID2_BC_248	3-ATTG-3-GAAC
DamID2_BC_249	3-TCTG-3-CGGA
DamID2_BC_250	3-CGTG-3-ATAC
DamID2_BC_251	3-TATC-3-CTGA
DamID2_BC_252	3-GCTA-3-ACTT
DamID2_BC_253	3-CTAG-3-CACT
DamID2_BC_254	3-CAGC-3-ACAT
DamID2_BC_255	3-GTAG-3-ACTT
DamID2_BC_256	3-GTGA-3-GAAG
DamID2_BC_257	3-CAGA-3-TGAT
DamID2_BC_258	3-TCGT-3-TGAC
DamID2_BC_259	3-TGTC-3-TAAC
DamID2_BC_260	3-TCCG-3-TCCA
DamID2_BC_261	3-GACT-3-ACAG
DamID2_BC_262	3-TAGT-3-GCGT
DamID2_BC_263	3-CATC-3-ATCA
DamID2_BC_264	3-ATTC-3-ATGC
DamID2_BC_265	3-TGCA-3-CAAC
DamID2_BC_266	3-GTTC-3-ATTG
DamID2_BC_267	3-TGAG-3-GTCG
DamID2_BC_268	3-AGGT-3-TGAA
DamID2_BC_269	3-ATAT-3-GCCG
DamID2_BC_270	3-ACGT-3-ATAC
DamID2_BC_271	3-TGGA-3-GACC
DamID2_BC_272	3-TCCA-3-AGGC
DamID2_BC_273	3-GACA-3-ACCA
DamID2_BC_274	3-AGTG-3-AGGC
DamID2_BC_275	3-ACAG-3-GTCT
DamID2_BC_276	3-CGTC-3-TCAT
DamID2_BC_277	3-TGTG-3-TCGC
DamID2_BC_278	3-TATG-3-ATGC
DamID2_BC_279	3-ACGT-3-TAGA
DamID2_BC_280	3-CTAG-3-AGTC
DamID2_BC_281	3-TGCT-3-ACCA
DamID2_BC_282	3-CGGT-3-ATTA
DamID2_BC_283	3-ATGT-3-GTGA
DamID2_BC_284	3-CTGC-3-TCGT
DamID2_BC_285	3-ACAC-3-CATA
DamID2_BC_286	3-ACTA-3-TGAC
DamID2_BC_287	3-CTCA-3-ACAA
DamID2_BC_288	3-TAAC-3-GCTT
DamID2_BC_289	3-CGAT-3-TCAC
DamID2_BC_290	3-TAAG-3-TGTG
DamID2_BC_291	3-ACTG-3-GTGC
DamID2_BC_292	3-GTTC-3-ACCA
DamID2_BC_293	3-CGTA-3-TCCA
DamID2_BC_294	3-TATA-3-CGGC
DamID2_BC_295	3-GAAG-3-AGAC
DamID2_BC_296	3-TGCT-3-TCTT
DamID2_BC_297	3-TGTC-3-CTAT
DamID2_BC_298	3-TCCT-3-GCCT
DamID2_BC_299	3-TAAG-3-AGCA
DamID2_BC_300	3-ACTG-3-CTTA
DamID2_BC_301	3-TCGA-3-GTAA
DamID2_BC_302	3-TGCT-3-GTAT
DamID2_BC_303	3-TGGA-3-ATCG
DamID2_BC_304	3-ATCG-3-TACG
DamID2_BC_305	3-TCTC-3-AGAA
DamID2_BC_306	3-TCTA-3-GACT
DamID2_BC_307	3-CAAG-3-GCAT
DamID2_BC_308	3-CTCA-3-TCCT
DamID2_BC_309	3-CTTG-3-CTGC
DamID2_BC_310	3-TCCT-3-GTTG
DamID2_BC_311	3-TCGT-3-ACAG
DamID2_BC_312	3-GTTC-3-GTGA
DamID2_BC_313	3-CATC-3-TCGC
DamID2_BC_314	3-CTCT-3-CACC
DamID2_BC_315	3-ATAG-3-GCGC
DamID2_BC_316	3-CTCT-3-ATGC
DamID2_BC_317	3-CTGC-3-GTTC
DamID2_BC_318	3-TCCG-3-ACAT
DamID2_BC_319	3-CTGA-3-GCGA
DamID2_BC_320	3-GTTG-3-TCGA
DamID2_BC_321	3-CAGT-3-CGCT
DamID2_BC_322	3-GACT-3-GTGC
DamID2_BC_323	3-TCTA-3-TCCG
DamID2_BC_324	3-ATGC-3-TGCT
DamID2_BC_325	3-GTAT-3-TGCC
DamID2_BC_326	3-TCTC-3-CATT
DamID2_BC_327	3-TCGC-3-TACG
DamID2_BC_328	3-ATCA-3-GTGT
DamID2_BC_329	3-GTTG-3-CTCA
DamID2_BC_330	3-GTTG-3-TACT
DamID2_BC_331	3-GACG-3-GTCA
DamID2_BC_332	3-TCCT-3-CTGA
DamID2_BC_333	3-TGGT-3-AGCC
DamID2_BC_334	3-ATGC-3-GCCA
DamID2_BC_335	3-GCGC-3-ATTA
DamID2_BC_336	3-AGTC-3-TAGT
DamID2_BC_337	3-CTAT-3-ACTG
DamID2_BC_338	3-TGCT-3-CTCG
DamID2_BC_339	3-AGCT-3-CTTA
DamID2_BC_340	3-TCGT-3-GCTA
DamID2_BC_341	3-ATCG-3-GTCC
DamID2_BC_342	3-GATC-3-GTAT
DamID2_BC_343	3-CTCG-3-GTGA
DamID2_BC_344	3-AGAT-3-GTGC
DamID2_BC_345	3-TGTA-3-TGCC
DamID2_BC_346	3-CAAT-3-GTGT
DamID2_BC_347	3-CGCG-3-TAGA
DamID2_BC_348	3-CGTG-3-TAAG
DamID2_BC_349	3-TGTG-3-GATC
DamID2_BC_350	3-TGGT-3-TACT
DamID2_BC_351	3-GTGA-3-ATCA
DamID2_BC_352	3-ACCA-3-TGCT
DamID2_BC_353	3-GCGA-3-GTTG
DamID2_BC_354	3-GCAG-3-AGGA
DamID2_BC_355	3-GTGC-3-CTCT
DamID2_BC_356	3-GCCT-3-CTTC
DamID2_BC_357	3-GAGT-3-TAAG
DamID2_BC_358	3-CTGC-3-GACT
DamID2_BC_359	3-CTTA-3-CTAG
DamID2_BC_360	3-GTGT-3-TCGC
DamID2_BC_361	3-TGCT-3-CGAA
DamID2_BC_362	3-GTGC-3-ACAC
DamID2_BC_363	3-GTTG-3-GTTC
DamID2_BC_364	3-TCTC-3-TGCT
DamID2_BC_365	3-CTTG-3-GAGT
DamID2_BC_366	3-TGTG-3-CGAC
DamID2_BC_367	3-ATAG-3-GTTG
DamID2_BC_368	3-GTAT-3-CATG
DamID2_BC_369	3-TAGC-3-GCAG
DamID2_BC_370	3-TCTG-3-GTAT
DamID2_BC_371	3-GTGC-3-TATG
DamID2_BC_372	3-GATC-3-CTCG
DamID2_BC_373	3-TGGC-3-GAGT
DamID2_BC_374	3-CGGA-3-CGTT
DamID2_BC_375	3-CAGT-3-TGTA
DamID2_BC_376	3-CTTC-3-TGTA
DamID2_BC_377	3-TGAG-3-GCAC
DamID2_BC_378	3-GTTC-3-CTAC
DamID2_BC_379	3-GCGA-3-TGAG
DamID2_BC_380	3-GTGT-3-TACA
DamID2_BC_381	3-AGAG-3-GAGT
DamID2_BC_382	3-GCGT-3-TCAT
DamID2_BC_383	3-TGCG-3-AGGA
DamID2_BC_384	3-CGCT-3-GTTC
CELseq2_BC_001	3-GATG-3-TCAT
CELseq2_BC_002	3-TCTC-3-CGAG
CELseq2_BC_003	3-GCCA-3-GACA
CELseq2_BC_004	3-TACG-3-CGGA
CELseq2_BC_005	3-GCAG-3-TCGT
CELseq2_BC_006	3-AGCA-3-AGTT
CELseq2_BC_007	3-TCTC-3-GATG
CELseq2_BC_008	3-TCAC-3-ATGA
CELseq2_BC_009	3-CTTC-3-GCGT
CELseq2_BC_010	3-CACA-3-CGTG
CELseq2_BC_011	3-ATCA-3-GAAC
CELseq2_BC_012	3-CGCT-3-CTCT
CELseq2_BC_013	3-CGTA-3-AGTC
CELseq2_BC_014	3-TGGA-3-TACA
CELseq2_BC_015	3-GTTC-3-CTGT
CELseq2_BC_016	3-GTCA-3-CGTT
CELseq2_BC_017	3-CTAC-3-ATCT
CELseq2_BC_018	3-GACT-3-TACT
CELseq2_BC_019	3-CTAT-3-GCGC
CELseq2_BC_020	3-TCGA-3-CTAG
CELseq2_BC_021	3-CACT-3-ACCT
CELseq2_BC_022	3-TCAT-3-GTGT
CELseq2_BC_023	3-CTGA-3-AGAG
CELseq2_BC_024	3-CTGT-3-TAGT
CELseq2_BC_025	3-CGAG-3-GTCT
CELseq2_BC_026	3-TACT-3-CTTC
CELseq2_BC_027	3-TACA-3-CTCT
CELseq2_BC_028	3-GCAT-3-GCTG
CELseq2_BC_029	3-CACG-3-ATAG
CELseq2_BC_030	3-ATCG-3-GCTG
CELseq2_BC_031	3-GTGA-3-TGGA
CELseq2_BC_032	3-ATCT-3-GTAG
CELseq2_BC_033	3-GCCA-3-CAAC
CELseq2_BC_034	3-AGAC-3-CAAC
CELseq2_BC_035	3-AGCA-3-GAGA
CELseq2_BC_036	3-GCAG-3-AGCT
CELseq2_BC_037	3-CAGT-3-CATG
CELseq2_BC_038	3-CATC-3-CTGC
CELseq2_BC_039	3-AGTG-3-TAGA
CELseq2_BC_040	3-TGAT-3-TCTC
CELseq2_BC_041	3-GCCT-3-TGCA
CELseq2_BC_042	3-AGCG-3-CAAG
CELseq2_BC_043	3-AGCG-3-ACCA
CELseq2_BC_044	3-AGAC-3-CTGA
CELseq2_BC_045	3-AGGA-3-GATG
CELseq2_BC_046	3-CGCG-3-CTTA
CELseq2_BC_047	3-GCGA-3-ATGC
CELseq2_BC_048	3-ATAG-3-TAGC
CELseq2_BC_049	3-CTGA-3-GATT
CELseq2_BC_050	3-GAAC-3-CTAT
CELseq2_BC_051	3-TAAG-3-GCGT
CELseq2_BC_052	3-GAAT-3-CTCA
CELseq2_BC_053	3-GCGT-3-GTGA
CELseq2_BC_054	3-CACA-3-TAAC
CELseq2_BC_055	3-TATG-3-GCCA
CELseq2_BC_056	3-TCCT-3-CGCT
CELseq2_BC_057	3-GCTG-3-GTCA
CELseq2_BC_058	3-CGTC-3-CTAA
CELseq2_BC_059	3-TCTG-3-TCTA
CELseq2_BC_060	3-TACT-3-AGGT
CELseq2_BC_061	3-ACAG-3-CATT
CELseq2_BC_062	3-TAGC-3-CAAT
CELseq2_BC_063	3-GAAT-3-TGGA
CELseq2_BC_064	3-TATA-3-GCAG
CELseq2_BC_065	3-TATC-3-ACGT
CELseq2_BC_066	3-GCAT-3-ATAG
CELseq2_BC_067	3-CAGA-3-GTAG
CELseq2_BC_068	3-CGCT-3-TGTG
CELseq2_BC_069	3-GAAT-3-CAGT
CELseq2_BC_070	3-CGAC-3-AGAG
CELseq2_BC_071	3-CACA-3-AGAT
CELseq2_BC_072	3-CTTG-3-TCTT
CELseq2_BC_073	3-AGGT-3-CGTG
CELseq2_BC_074	3-CAAC-3-CTTA
CELseq2_BC_075	3-AGCT-3-TGCT
CELseq2_BC_076	3-TACG-3-GAGC
CELseq2_BC_077	3-AGCA-3-CACC
CELseq2_BC_078	3-TCCG-3-TAAC
CELseq2_BC_079	3-TCGT-3-CGTA
CELseq2_BC_080	3-GATC-3-TGCG
CELseq2_BC_081	3-CACG-3-GATT
CELseq2_BC_082	3-TGGC-3-CTCA
CELseq2_BC_083	3-ACTC-3-TCCT
CELseq2_BC_084	3-GTCG-3-TGGT
CELseq2_BC_085	3-ATAG-3-GCAT
CELseq2_BC_086	3-TGGA-3-GTTC
CELseq2_BC_087	3-CGGT-3-ACAG
CELseq2_BC_088	3-GCAC-3-ACAT
CELseq2_BC_089	3-CTTC-3-TCAA
CELseq2_BC_090	3-TCTC-3-CTCT
CELseq2_BC_091	3-CTGA-3-GTGC
CELseq2_BC_092	3-GCGT-3-CTAT
CELseq2_BC_093	3-TCCA-3-ACTA
CELseq2_BC_094	3-TACT-3-TGAG
CELseq2_BC_095	3-ACGT-3-GTTG
CELseq2_BC_096	3-GACT-3-AGCG
CELseq2_BC_097	3-CATA-3-GTCA
CELseq2_BC_098	3-CAGT-3-GTTA
CELseq2_BC_099	3-ATGA-3-GTCG
CELseq2_BC_100	3-ACGT-3-ACCT
CELseq2_BC_101	3-AGTG-3-GTTA
CELseq2_BC_102	3-ACCT-3-GTCT
CELseq2_BC_103	3-CGGA-3-CTGA
CELseq2_BC_104	3-GTTC-3-TATC
CELseq2_BC_105	3-GTCA-3-TACC
CELseq2_BC_106	3-GTAG-3-CTAC
CELseq2_BC_107	3-GCCT-3-ACGT
CELseq2_BC_108	3-CTTA-3-GCCG
CELseq2_BC_109	3-ATCG-3-ATCG
CELseq2_BC_110	3-CGTA-3-TAGC
CELseq2_BC_111	3-GTCT-3-CGAG
CELseq2_BC_112	3-ATCA-3-TCTC
CELseq2_BC_113	3-GCTA-3-AGAT
CELseq2_BC_114	3-GAAC-3-TCTT
CELseq2_BC_115	3-GTAT-3-TCAC
CELseq2_BC_116	3-CTTG-3-TGGC
CELseq2_BC_117	3-CGTA-3-ACAT
CELseq2_BC_118	3-TGCG-3-ACGT
CELseq2_BC_119	3-GATG-3-GATG
CELseq2_BC_120	3-CGCG-3-TATC
CELseq2_BC_121	3-TCGA-3-AGAC
CELseq2_BC_122	3-AGGC-3-CTAG
CELseq2_BC_123	3-GAGC-3-CGAA
CELseq2_BC_124	3-TGTG-3-GAAG
CELseq2_BC_125	3-GTAG-3-TCCG
CELseq2_BC_126	3-GTAT-3-GTCT
CELseq2_BC_127	3-ACGT-3-CACA
CELseq2_BC_128	3-GTGC-3-ATAA
CELseq2_BC_129	3-CTCA-3-CAGA
CELseq2_BC_130	3-CACT-3-GTAT
CELseq2_BC_131	3-ACCT-3-TACG
CELseq2_BC_132	3-CAGT-3-TCAC
CELseq2_BC_133	3-ATCT-3-TCGA
CELseq2_BC_134	3-GTGT-3-ATTC
CELseq2_BC_135	3-GTTG-3-GTAG
CELseq2_BC_136	3-CTGA-3-ACCA
CELseq2_BC_137	3-GTCG-3-ACCT
CELseq2_BC_138	3-GTTG-3-ATGA
CELseq2_BC_139	3-CTAT-3-TCCT
CELseq2_BC_140	3-CTTA-3-CACT
CELseq2_BC_141	3-AGAC-3-TCCA
CELseq2_BC_142	3-AGTC-3-GCAG
CELseq2_BC_143	3-TAGC-3-TGCT
CELseq2_BC_144	3-TATA-3-GACC
CELseq2_BC_145	3-AGGT-3-TCTT
CELseq2_BC_146	3-TGAT-3-AGGA
CELseq2_BC_147	3-ATCG-3-GAGT
CELseq2_BC_148	3-TGTC-3-ATAG
CELseq2_BC_149	3-TCGC-3-ACTC
CELseq2_BC_150	3-CGAC-3-ATTC
CELseq2_BC_151	3-GAAT-3-GCAT
CELseq2_BC_152	3-TATG-3-TGGT
CELseq2_BC_153	3-GTCG-3-CATC
CELseq2_BC_154	3-CGTG-3-AGCA
CELseq2_BC_155	3-TCAG-3-GATA
CELseq2_BC_156	3-ACAC-3-GTAA
CELseq2_BC_157	3-GACG-3-TCCA
CELseq2_BC_158	3-GTAG-3-TGAA
CELseq2_BC_159	3-CGCA-3-TCAA
CELseq2_BC_160	3-AGGT-3-CAAT
CELseq2_BC_161	3-TGTA-3-GTCT
CELseq2_BC_162	3-GCAG-3-TAAG
CELseq2_BC_163	3-GAGA-3-TATG
CELseq2_BC_164	3-TGAG-3-TACC
CELseq2_BC_165	3-ATAG-3-ACTC
CELseq2_BC_166	3-TGGT-3-CACG
CELseq2_BC_167	3-GCTC-3-GCAA
CELseq2_BC_168	3-CACG-3-TCGT
CELseq2_BC_169	3-ATTC-3-ACCG
CELseq2_BC_170	3-CTTC-3-GTTA
CELseq2_BC_171	3-GTCT-3-TCTT
CELseq2_BC_172	3-TCAT-3-GCAA
CELseq2_BC_173	3-CTTG-3-TACA
CELseq2_BC_174	3-GTTG-3-ACAC
CELseq2_BC_175	3-AGAC-3-GCTT
CELseq2_BC_176	3-TCAT-3-CGGC
CELseq2_BC_177	3-CGAT-3-CATA
CELseq2_BC_178	3-ACCG-3-CGTA
CELseq2_BC_179	3-CGGC-3-TAAG
CELseq2_BC_180	3-CTCA-3-TGTA
CELseq2_BC_181	3-CATG-3-CACG
CELseq2_BC_182	3-GTGA-3-AGCC
CELseq2_BC_183	3-GCCT-3-CATG
CELseq2_BC_184	3-CATC-3-TGGA
CELseq2_BC_185	3-GCCG-3-CTAA
CELseq2_BC_186	3-AGGC-3-ATTA
CELseq2_BC_187	3-GTGA-3-GTAT
CELseq2_BC_188	3-CTTC-3-CTCG
CELseq2_BC_189	3-CAGC-3-TATA
CELseq2_BC_190	3-CGGA-3-CAAC
CELseq2_BC_191	3-CATA-3-TCTG
CELseq2_BC_192	3-CAGC-3-ATCC
CELseq2_BC_193	3-AGAT-3-GAAG
CELseq2_BC_194	3-TAAT-3-GTCG
CELseq2_BC_195	3-CGCT-3-ATGA
CELseq2_BC_196	3-GAAT-3-GTTC
CELseq2_BC_197	3-ACAT-3-GAGA
CELseq2_BC_198	3-TACG-3-TATG
CELseq2_BC_199	3-GATC-3-CAAC
CELseq2_BC_200	3-GTGC-3-GTTG
CELseq2_BC_201	3-TGGT-3-AGAT
CELseq2_BC_202	3-CGAG-3-CTAG
CELseq2_BC_203	3-TGAG-3-ACTG
CELseq2_BC_204	3-CAAC-3-GAGT
CELseq2_BC_205	3-AGCT-3-CGGA
CELseq2_BC_206	3-GACA-3-GCAC
CELseq2_BC_207	3-ACGA-3-CATC
CELseq2_BC_208	3-GACT-3-TCGC
CELseq2_BC_209	3-TCAG-3-CTCG
CELseq2_BC_210	3-TGTC-3-ACCA
CELseq2_BC_211	3-GAGC-3-TCAG
CELseq2_BC_212	3-GCCG-3-TATA
CELseq2_BC_213	3-TGTA-3-CATG
CELseq2_BC_214	3-CTGT-3-TCTG
CELseq2_BC_215	3-AGGT-3-GAGC
CELseq2_BC_216	3-TGCG-3-GACT
CELseq2_BC_217	3-AGAT-3-TGGC
CELseq2_BC_218	3-TAGT-3-CTGA
CELseq2_BC_219	3-ACTG-3-ACAG
CELseq2_BC_220	3-TAAC-3-GAAG
CELseq2_BC_221	3-AGAG-3-CGCA
CELseq2_BC_222	3-ACTC-3-CAGT
CELseq2_BC_223	3-GAAG-3-TGTC
CELseq2_BC_224	3-AGTC-3-CATA
CELseq2_BC_225	3-TGAG-3-CTTC
CELseq2_BC_226	3-CGTC-3-GATC
CELseq2_BC_227	3-TCCA-3-TGGA
CELseq2_BC_228	3-ACAG-3-GACG
CELseq2_BC_229	3-GTCG-3-GTTA
CELseq2_BC_230	3-ACGC-3-CGAT
CELseq2_BC_231	3-ATCG-3-CACA
CELseq2_BC_232	3-CTGC-3-CACA
CELseq2_BC_233	3-AGGC-3-GACT
CELseq2_BC_234	3-ATCA-3-CGCG
CELseq2_BC_235	3-ACCT-3-CTGC
CELseq2_BC_236	3-CACT-3-TAGA
CELseq2_BC_237	3-TGTC-3-CGTT
CELseq2_BC_238	3-CAAG-3-TGAT
CELseq2_BC_239	3-GTAC-3-CACG
CELseq2_BC_240	3-CGTA-3-GTAC
CELseq2_BC_241	3-CGAG-3-AGTT
CELseq2_BC_242	3-CTAG-3-TATG
CELseq2_BC_243	3-CGGT-3-GTGT
CELseq2_BC_244	3-CTTG-3-ATTC
CELseq2_BC_245	3-TCTA-3-CTTC
CELseq2_BC_246	3-ATGT-3-GCGT
CELseq2_BC_247	3-ACAG-3-AGGC
CELseq2_BC_248	3-GTCT-3-GCCA
CELseq2_BC_249	3-ACAC-3-CGTC
CELseq2_BC_250	3-ACAT-3-TCAG
CELseq2_BC_251	3-GCTG-3-CACT
CELseq2_BC_252	3-CAAC-3-GCTC
CELseq2_BC_253	3-AGAG-3-GTAC
CELseq2_BC_254	3-CAAT-3-TACG
CELseq2_BC_255	3-GAAC-3-GCCA
CELseq2_BC_256	3-CTAT-3-GTTG
CELseq2_BC_257	3-CTCT-3-ACTC
CELseq2_BC_258	3-GATC-3-ACTA
CELseq2_BC_259	3-GTCA-3-TCAG
CELseq2_BC_260	3-GCTC-3-ATTC
CELseq2_BC_261	3-AGTG-3-GACC
CELseq2_BC_262	3-GCAT-3-CACC
CELseq2_BC_263	3-TCTG-3-TACG
CELseq2_BC_264	3-GATG-3-ATCG
CELseq2_BC_265	3-GACA-3-TGAA
CELseq2_BC_266	3-TCCA-3-GTCG
CELseq2_BC_267	3-CGCA-3-TGGT
CELseq2_BC_268	3-TATG-3-GTTC
CELseq2_BC_269	3-ACTC-3-TGGC
CELseq2_BC_270	3-GTAG-3-GATT
CELseq2_BC_271	3-ACTA-3-GCTA
CELseq2_BC_272	3-AGGA-3-ATCT
CELseq2_BC_273	3-TGAC-3-CACT
CELseq2_BC_274	3-GACG-3-ACTC
CELseq2_BC_275	3-TAGT-3-TGTC
CELseq2_BC_276	3-AGTG-3-CGGT
CELseq2_BC_277	3-GTGC-3-TCCA
CELseq2_BC_278	3-GCCT-3-GTAC
CELseq2_BC_279	3-CTGC-3-CTAT
CELseq2_BC_280	3-TCTG-3-GCAC
CELseq2_BC_281	3-ATCT-3-CGTC
CELseq2_BC_282	3-GTGA-3-GCTC
CELseq2_BC_283	3-TGTC-3-GAGA
CELseq2_BC_284	3-CAGA-3-AGGA
CELseq2_BC_285	3-TGGC-3-GAAC
CELseq2_BC_286	3-ATGC-3-CTCC
CELseq2_BC_287	3-AGGT-3-GCCA
CELseq2_BC_288	3-GCGC-3-GATA
CELseq2_BC_289	3-ACCA-3-TCCA
CELseq2_BC_290	3-ACGA-3-CGGA
CELseq2_BC_291	3-TGCG-3-GCAA
CELseq2_BC_292	3-ATGA-3-GCAA
CELseq2_BC_293	3-GCTA-3-GTGT
CELseq2_BC_294	3-CTCT-3-GTCC
CELseq2_BC_295	3-TCCT-3-AGAA
CELseq2_BC_296	3-ATGT-3-CGAA
CELseq2_BC_297	3-CTGA-3-CGTC
CELseq2_BC_298	3-ACGC-3-TAAC
CELseq2_BC_299	3-ACCA-3-ATAC
CELseq2_BC_300	3-AGGC-3-AGGT
CELseq2_BC_301	3-ATAT-3-CGCT
CELseq2_BC_302	3-GCTA-3-GAAG
CELseq2_BC_303	3-TGCT-3-GTGC
CELseq2_BC_304	3-ATGA-3-ACGC
CELseq2_BC_305	3-ATCG-3-AGAT
CELseq2_BC_306	3-TCGA-3-TGCG
CELseq2_BC_307	3-GCTA-3-TCGC
CELseq2_BC_308	3-GTGT-3-CGGT
CELseq2_BC_309	3-AGAT-3-ACCG
CELseq2_BC_310	3-ACCG-3-TGAG
CELseq2_BC_311	3-GAGC-3-ATGT
CELseq2_BC_312	3-TCGC-3-CAGA
CELseq2_BC_313	3-TAGC-3-GTAA
CELseq2_BC_314	3-AGCA-3-GCCT
CELseq2_BC_315	3-GAAC-3-TACC
CELseq2_BC_316	3-TGAC-3-TATG
CELseq2_BC_317	3-ATGC-3-TACG
CELseq2_BC_318	3-TCAC-3-GAGC
CELseq2_BC_319	3-GTTA-3-CTTG
CELseq2_BC_320	3-TCCT-3-GATC
CELseq2_BC_321	3-TCGT-3-TAAG
CELseq2_BC_322	3-GTAC-3-ACTG
CELseq2_BC_323	3-CTAC-3-CGGA
CELseq2_BC_324	3-TGAG-3-TGTA
CELseq2_BC_325	3-TCTG-3-ATTG
CELseq2_BC_326	3-CTCT-3-CTAA
CELseq2_BC_327	3-GCTC-3-TGTT
CELseq2_BC_328	3-CTTA-3-AGGT
CELseq2_BC_329	3-ACCG-3-GTTC
CELseq2_BC_330	3-TGTA-3-CGGA
CELseq2_BC_331	3-TACA-3-TGCC
CELseq2_BC_332	3-GCCT-3-ATTA
CELseq2_BC_333	3-ATTG-3-ACGT
CELseq2_BC_334	3-TAGT-3-ACGC
CELseq2_BC_335	3-CTAC-3-TGCC
CELseq2_BC_336	3-GAGA-3-CACT
CELseq2_BC_337	3-GCCA-3-ATCT
CELseq2_BC_338	3-TCGA-3-GCTG
CELseq2_BC_339	3-TGTC-3-AGGC
CELseq2_BC_340	3-CACA-3-ATTC
CELseq2_BC_341	3-ATTC-3-AGGA
CELseq2_BC_342	3-TGTA-3-TCGT
CELseq2_BC_343	3-GTTA-3-TCCT
CELseq2_BC_344	3-GTTA-3-CGGC
CELseq2_BC_345	3-TCTG-3-ACCT
CELseq2_BC_346	3-CAAC-3-AGGC
CELseq2_BC_347	3-GTCT-3-AGGC
CELseq2_BC_348	3-AGTG-3-TCTG
CELseq2_BC_349	3-TCCT-3-TCAT
CELseq2_BC_350	3-TCAC-3-TCCG
CELseq2_BC_351	3-CTAT-3-CAAC
CELseq2_BC_352	3-ACCG-3-ATGT
CELseq2_BC_353	3-ACTC-3-CTTG
CELseq2_BC_354	3-CGTA-3-GCGA
CELseq2_BC_355	3-TGGA-3-TGGC
CELseq2_BC_356	3-GCGT-3-GACT
CELseq2_BC_357	3-CGTG-3-TCAC
CELseq2_BC_358	3-GATG-3-CTTA
CELseq2_BC_359	3-GCGA-3-TCAA
CELseq2_BC_360	3-GAGT-3-TCTA
CELseq2_BC_361	3-CTCG-3-TAAT
CELseq2_BC_362	3-TGGA-3-AGTA
CELseq2_BC_363	3-TCTA-3-CACA
CELseq2_BC_364	3-GATC-3-TAGT
CELseq2_BC_365	3-GAAG-3-GTGA
CELseq2_BC_366	3-TCAC-3-CGCA
CELseq2_BC_367	3-CGAT-3-CGGT
CELseq2_BC_368	3-TGCA-3-ATCC
CELseq2_BC_369	3-CTTG-3-CGAA
CELseq2_BC_370	3-AGCT-3-GATT
CELseq2_BC_371	3-ATTG-3-TGCT
CELseq2_BC_372	3-ACGC-3-TGTA
CELseq2_BC_373	3-TGAC-3-TGGT
CELseq2_BC_374	3-CATC-3-CGAT
CELseq2_BC_375	3-TATA-3-AGCG
CELseq2_BC_376	3-TCGT-3-TGGT
CELseq2_BC_377	3-CTTC-3-AGTG
CELseq2_BC_378	3-GAGT-3-TGAT
CELseq2_BC_379	3-TGGA-3-CGCT
CELseq2_BC_380	3-TCGT-3-TCCA
CELseq2_BC_381	3-ATGC-3-TCAT
CELseq2_BC_382	3-TGGT-3-ATTG
CELseq2_BC_383	3-CAGA-3-GCGT
CELseq2_BC_384	3-CATG-3-ACAA
